_id,login,date,size
ObjectId("5dd974b51588dc98de7047b0"),rjrodger,""2018-05-14T10:06:40.000Z"",2
ObjectId("5dd974b61588dc98de7047b1"),rjrodger,""2018-05-14T09:36:54.000Z"",14
ObjectId("5dd974b61588dc98de7047b2"),rjrodger,""2018-05-14T06:00:02.000Z"",2
ObjectId("5dd974b61588dc98de7047b3"),rjrodger,""2018-05-14T05:53:33.000Z"",4
ObjectId("5dd974b71588dc98de7047b4"),rjrodger,""2018-05-14T05:50:05.000Z"",2565
ObjectId("5dd974b71588dc98de7047b5"),rjrodger,""2018-05-14T05:49:23.000Z"",2565
ObjectId("5dd974b71588dc98de7047b6"),rjrodger,""2018-05-14T05:37:10.000Z"",5
ObjectId("5dd974b81588dc98de7047b7"),rjrodger,""2018-05-14T05:33:24.000Z"",1339
ObjectId("5dd9761681892774deb1f0fd"),taye,""2018-09-29T18:55:09.000Z"",4
ObjectId("5dd9761781892774deb1f0fe"),taye,""2017-01-13T01:10:41.000Z"",2
ObjectId("5dd9761881892774deb1f0ff"),taye,""2018-01-09T08:54:36.000Z"",504
ObjectId("5dd9761881892774deb1f100"),taye,""2018-01-09T03:19:04.000Z"",482
ObjectId("5dd9761981892774deb1f101"),taye,""2018-01-08T15:16:24.000Z"",22
ObjectId("5dd9761981892774deb1f102"),taye,""2018-01-06T16:23:46.000Z"",2
ObjectId("5dd9761981892774deb1f103"),taye,""2018-01-06T15:45:14.000Z"",2
ObjectId("5dd9761a81892774deb1f104"),taye,""2017-12-24T15:18:45.000Z"",16
ObjectId("5dd9761a81892774deb1f105"),taye,""2017-12-21T17:22:39.000Z"",16
ObjectId("5dd9761a81892774deb1f106"),taye,""2017-11-26T16:47:00.000Z"",10
ObjectId("5dd9761b81892774deb1f107"),taye,""2017-11-26T15:39:02.000Z"",10
ObjectId("5dd9761b81892774deb1f108"),taye,""2017-11-13T15:16:09.000Z"",4
ObjectId("5dd9761b81892774deb1f109"),taye,""2017-11-13T04:12:38.000Z"",4
ObjectId("5dd9761c81892774deb1f10a"),taye,""2017-11-10T16:40:43.000Z"",62
ObjectId("5dd9761c81892774deb1f10b"),taye,""2017-11-10T15:51:30.000Z"",62
ObjectId("5dd9761d81892774deb1f10c"),taye,""2017-11-03T18:42:09.000Z"",4
ObjectId("5dd9761d81892774deb1f10d"),taye,""2017-11-03T17:32:11.000Z"",4
ObjectId("5dd9761d81892774deb1f10e"),taye,""2017-11-03T13:58:07.000Z"",1
ObjectId("5dd9761d81892774deb1f10f"),taye,""2017-11-03T13:22:30.000Z"",1
ObjectId("5dd9761e81892774deb1f110"),taye,""2017-10-31T19:09:32.000Z"",4
ObjectId("5dd9761e81892774deb1f111"),taye,""2017-10-27T17:15:25.000Z"",2
ObjectId("5dd9761e81892774deb1f112"),taye,""2017-10-26T20:26:12.000Z"",12
ObjectId("5dd9761f81892774deb1f113"),taye,""2017-10-25T21:25:46.000Z"",12
ObjectId("5dd9761f81892774deb1f114"),taye,""2017-10-25T21:18:29.000Z"",12
ObjectId("5dd9761f81892774deb1f115"),taye,""2017-10-24T03:54:49.000Z"",2
ObjectId("5dd9762081892774deb1f116"),taye,""2017-10-22T05:22:11.000Z"",12
ObjectId("5dd9762081892774deb1f117"),taye,""2017-10-17T19:12:09.000Z"",10
ObjectId("5dd9762081892774deb1f118"),taye,""2017-10-17T16:59:29.000Z"",10
ObjectId("5dd9762181892774deb1f119"),taye,""2017-10-07T22:50:31.000Z"",114
ObjectId("5dd9762181892774deb1f11a"),taye,""2017-10-07T22:40:16.000Z"",29
ObjectId("5dd9762181892774deb1f11b"),taye,""2017-10-07T22:29:49.000Z"",85
ObjectId("5dd9762281892774deb1f11c"),taye,""2017-09-23T17:46:23.000Z"",4
ObjectId("5dd9762281892774deb1f11d"),taye,""2017-09-07T17:03:50.000Z"",4
ObjectId("5dd9762281892774deb1f11e"),taye,""2017-09-10T10:05:06.000Z"",171
ObjectId("5dd9762381892774deb1f11f"),taye,""2017-09-09T21:11:57.000Z"",171
ObjectId("5dd9762381892774deb1f120"),taye,""2017-08-31T16:56:23.000Z"",14
ObjectId("5dd9762381892774deb1f121"),taye,""2017-08-31T16:41:42.000Z"",14
ObjectId("5dd9762481892774deb1f122"),taye,""2017-08-20T15:00:39.000Z"",2
ObjectId("5dd9762481892774deb1f123"),taye,""2017-08-20T15:00:16.000Z"",2
ObjectId("5dd9762481892774deb1f124"),taye,""2017-08-20T12:35:52.000Z"",62
ObjectId("5dd9762481892774deb1f125"),taye,""2017-08-19T23:19:57.000Z"",62
ObjectId("5dd9762581892774deb1f126"),taye,""2017-08-19T15:59:53.000Z"",1
ObjectId("5dd9762581892774deb1f127"),taye,""2017-08-19T15:39:29.000Z"",1
ObjectId("5dd9762581892774deb1f128"),taye,""2017-08-12T11:56:19.000Z"",38
ObjectId("5dd9762681892774deb1f129"),taye,""2017-08-11T20:41:38.000Z"",38
ObjectId("5dd9762681892774deb1f12a"),taye,""2017-08-09T20:32:39.000Z"",171
ObjectId("5dd9762681892774deb1f12b"),taye,""2017-08-09T20:15:09.000Z"",18
ObjectId("5dd9762681892774deb1f12c"),taye,""2017-08-09T20:04:48.000Z"",90
ObjectId("5dd9762781892774deb1f12d"),taye,""2017-08-09T19:14:37.000Z"",5
ObjectId("5dd9762781892774deb1f12e"),taye,""2017-07-08T02:49:34.000Z"",58
ObjectId("5dd9762781892774deb1f12f"),taye,""2017-07-25T07:47:46.000Z"",2
ObjectId("5dd9762881892774deb1f130"),taye,""2017-07-25T05:57:01.000Z"",2
ObjectId("5dd9762881892774deb1f131"),taye,""2017-07-18T20:01:30.000Z"",169
ObjectId("5dd9762881892774deb1f132"),taye,""2017-07-15T07:25:50.000Z"",169
ObjectId("5dd9762981892774deb1f133"),taye,""2017-07-15T17:48:10.000Z"",153
ObjectId("5dd9762981892774deb1f134"),taye,""2017-07-15T10:33:22.000Z"",153
ObjectId("5dd9762a81892774deb1f135"),taye,""2017-07-06T07:48:29.000Z"",48
ObjectId("5dd9762a81892774deb1f136"),taye,""2017-03-16T19:33:31.000Z"",46
ObjectId("5dd9762a81892774deb1f137"),taye,""2017-03-16T19:40:02.000Z"",2
ObjectId("5dd9762a81892774deb1f138"),taye,""2017-07-05T07:49:26.000Z"",69
ObjectId("5dd9762b81892774deb1f139"),taye,""2017-07-04T19:39:52.000Z"",14
ObjectId("5dd9762b81892774deb1f13a"),taye,""2017-07-04T19:08:14.000Z"",63
ObjectId("5dd9762c81892774deb1f13b"),taye,""2017-07-04T19:13:12.000Z"",6
ObjectId("5dd9762c81892774deb1f13c"),taye,""2017-07-04T19:11:21.000Z"",14
ObjectId("5dd9762c81892774deb1f13d"),taye,""2017-07-04T07:44:20.000Z"",221
ObjectId("5dd9762c81892774deb1f13e"),taye,""2017-07-03T20:13:30.000Z"",221
ObjectId("5dd9762d81892774deb1f13f"),taye,""2017-06-18T14:18:43.000Z"",25
ObjectId("5dd9762d81892774deb1f140"),taye,""2017-06-18T05:09:45.000Z"",16
ObjectId("5dd9762d81892774deb1f141"),taye,""2017-06-18T03:33:43.000Z"",25
ObjectId("5dd9762d81892774deb1f142"),taye,""2017-06-06T20:33:44.000Z"",2
ObjectId("5dd9762e81892774deb1f143"),taye,""2017-06-06T19:29:29.000Z"",2
ObjectId("5dd9762e81892774deb1f144"),taye,""2017-06-05T20:23:43.000Z"",4
ObjectId("5dd9762e81892774deb1f145"),taye,""2017-06-05T20:18:55.000Z"",2
ObjectId("5dd9762f81892774deb1f146"),taye,""2017-06-05T20:18:38.000Z"",2
ObjectId("5dd9762f81892774deb1f147"),taye,""2017-05-25T10:57:31.000Z"",2
ObjectId("5dd9763081892774deb1f148"),taye,""2017-05-24T18:40:14.000Z"",2
ObjectId("5dd9763081892774deb1f149"),taye,""2017-05-17T08:57:36.000Z"",208
ObjectId("5dd9763081892774deb1f14a"),taye,""2017-05-12T15:47:07.000Z"",196
ObjectId("5dd9763081892774deb1f14b"),taye,""2017-05-11T16:03:17.000Z"",12
ObjectId("5dd9763181892774deb1f14c"),taye,""2017-05-07T17:34:05.000Z"",10
ObjectId("5dd9763181892774deb1f14d"),taye,""2017-05-07T17:07:23.000Z"",10
ObjectId("5dd9763181892774deb1f14e"),taye,""2017-05-04T19:19:49.000Z"",384
ObjectId("5dd9763281892774deb1f14f"),taye,""2017-05-03T19:30:01.000Z"",8
ObjectId("5dd9763281892774deb1f150"),taye,""2017-05-01T23:10:57.000Z"",25
ObjectId("5dd9763281892774deb1f151"),taye,""2017-05-01T20:12:37.000Z"",1
ObjectId("5dd9763281892774deb1f152"),taye,""2017-05-01T20:05:33.000Z"",2
ObjectId("5dd9763381892774deb1f153"),taye,""2017-05-01T19:59:46.000Z"",33
ObjectId("5dd9763381892774deb1f154"),taye,""2017-05-01T17:52:34.000Z"",19
ObjectId("5dd9763381892774deb1f155"),taye,""2017-05-01T17:40:55.000Z"",7
ObjectId("5dd9763481892774deb1f156"),taye,""2017-04-27T19:40:37.000Z"",347
ObjectId("5dd9763481892774deb1f157"),taye,""2017-04-24T17:46:05.000Z"",38
ObjectId("5dd9763481892774deb1f158"),taye,""2017-04-24T16:55:51.000Z"",38
ObjectId("5dd9763581892774deb1f159"),taye,""2017-04-23T16:20:08.000Z"",12
ObjectId("5dd9763581892774deb1f15a"),taye,""2017-04-23T15:23:36.000Z"",12
ObjectId("5dd9763681892774deb1f15b"),taye,""2017-04-22T18:57:29.000Z"",1008
ObjectId("5dd9763681892774deb1f15c"),taye,""2017-04-22T17:44:52.000Z"",7
ObjectId("5dd9763681892774deb1f15d"),taye,""2017-04-22T17:36:45.000Z"",97
ObjectId("5dd9763681892774deb1f15e"),taye,""2017-04-22T17:27:35.000Z"",12
ObjectId("5dd9763781892774deb1f15f"),taye,""2017-04-22T12:15:55.000Z"",61
ObjectId("5dd9763781892774deb1f160"),taye,""2017-04-22T12:09:36.000Z"",121
ObjectId("5dd9763781892774deb1f161"),taye,""2017-04-22T11:08:14.000Z"",65
ObjectId("5dd9763781892774deb1f162"),taye,""2017-04-22T11:41:13.000Z"",1111
ObjectId("5dd9763881892774deb1f163"),taye,""2017-04-16T22:34:35.000Z"",100
ObjectId("5dd9763881892774deb1f164"),taye,""2017-01-04T14:17:36.000Z"",151
ObjectId("5dd9763d81892774deb1f165"),taye,""2019-02-09T18:49:25.000Z"",12
ObjectId("5dd9763d81892774deb1f166"),taye,""2019-02-09T03:25:08.000Z"",2
ObjectId("5dd9763d81892774deb1f167"),taye,""2019-02-08T22:45:27.000Z"",106
ObjectId("5dd9763e81892774deb1f168"),taye,""2019-02-08T22:35:05.000Z"",2
ObjectId("5dd9763e81892774deb1f169"),taye,""2019-02-08T21:36:35.000Z"",2
ObjectId("5dd9763e81892774deb1f16a"),taye,""2019-02-08T21:34:40.000Z"",14
ObjectId("5dd9763f81892774deb1f16b"),taye,""2019-02-08T21:27:05.000Z"",5
ObjectId("5dd9763f81892774deb1f16c"),taye,""2019-02-08T21:24:40.000Z"",2
ObjectId("5dd9763f81892774deb1f16d"),taye,""2019-02-08T21:22:37.000Z"",2
ObjectId("5dd9764081892774deb1f16e"),taye,""2019-02-08T21:22:05.000Z"",4
ObjectId("5dd9764081892774deb1f16f"),taye,""2019-02-08T21:21:18.000Z"",2
ObjectId("5dd9764081892774deb1f170"),taye,""2019-02-08T21:18:44.000Z"",6
ObjectId("5dd9764181892774deb1f171"),taye,""2019-02-08T21:17:23.000Z"",198
ObjectId("5dd9764181892774deb1f172"),taye,""2019-02-08T21:14:50.000Z"",76
ObjectId("5dd9764181892774deb1f173"),taye,""2019-02-08T21:12:12.000Z"",85
ObjectId("5dd9764181892774deb1f174"),taye,""2019-02-08T21:09:43.000Z"",187
ObjectId("5dd9764281892774deb1f175"),taye,""2019-02-08T21:09:09.000Z"",284
ObjectId("5dd9764281892774deb1f176"),taye,""2019-02-08T20:57:43.000Z"",106
ObjectId("5dd9764281892774deb1f177"),taye,""2019-02-08T19:26:54.000Z"",12
ObjectId("5dd9764381892774deb1f178"),taye,""2019-02-08T18:01:26.000Z"",284
ObjectId("5dd9764381892774deb1f179"),taye,""2019-02-08T09:24:17.000Z"",6
ObjectId("5dd9764381892774deb1f17a"),taye,""2019-02-01T00:21:12.000Z"",12
ObjectId("5dd9764481892774deb1f17b"),taye,""2019-02-08T11:44:19.000Z"",2
ObjectId("5dd9764481892774deb1f17c"),taye,""2019-02-08T10:45:36.000Z"",2
ObjectId("5dd9764481892774deb1f17d"),taye,""2019-02-08T09:46:37.000Z"",2
ObjectId("5dd9764581892774deb1f17e"),taye,""2019-02-08T09:35:16.000Z"",2
ObjectId("5dd9764581892774deb1f17f"),taye,""2019-02-08T08:28:03.000Z"",187
ObjectId("5dd9764581892774deb1f180"),taye,""2019-02-08T08:08:34.000Z"",5
ObjectId("5dd9764681892774deb1f181"),taye,""2019-02-08T07:10:35.000Z"",16
ObjectId("5dd9764681892774deb1f182"),taye,""2019-02-08T06:32:38.000Z"",2
ObjectId("5dd9764681892774deb1f183"),taye,""2019-02-08T05:34:26.000Z"",14
ObjectId("5dd9764781892774deb1f184"),taye,""2019-02-08T02:09:58.000Z"",20
ObjectId("5dd9764781892774deb1f185"),taye,""2019-02-08T01:59:53.000Z"",13
ObjectId("5dd9764781892774deb1f186"),taye,""2019-02-08T01:57:28.000Z"",426
ObjectId("5dd9764881892774deb1f187"),taye,""2019-02-08T01:52:34.000Z"",6
ObjectId("5dd9764881892774deb1f188"),taye,""2019-02-08T01:49:46.000Z"",3
ObjectId("5dd9764881892774deb1f189"),taye,""2019-02-08T00:21:39.000Z"",137
ObjectId("5dd9764981892774deb1f18a"),taye,""2019-02-08T00:16:51.000Z"",85
ObjectId("5dd9764981892774deb1f18b"),taye,""2019-02-08T00:10:52.000Z"",137
ObjectId("5dd9764981892774deb1f18c"),taye,""2019-02-07T23:33:49.000Z"",164
ObjectId("5dd9764981892774deb1f18d"),taye,""2019-02-07T23:02:06.000Z"",45
ObjectId("5dd9764a81892774deb1f18e"),taye,""2019-02-07T23:00:01.000Z"",72
ObjectId("5dd9764a81892774deb1f18f"),taye,""2019-02-07T22:59:25.000Z"",2
ObjectId("5dd9764b81892774deb1f190"),taye,""2019-02-07T22:55:09.000Z"",47
ObjectId("5dd9764d81892774deb1f191"),taye,""2019-02-07T22:54:35.000Z"",1178228
ObjectId("5dd9764e81892774deb1f192"),taye,""2019-02-07T21:10:15.000Z"",110
ObjectId("5dd9764e81892774deb1f193"),taye,""2019-02-07T21:04:39.000Z"",752
ObjectId("5dd9764e81892774deb1f194"),taye,""2019-02-07T20:54:01.000Z"",53
ObjectId("5dd9764f81892774deb1f195"),taye,""2019-02-07T20:51:38.000Z"",120
ObjectId("5dd9764f81892774deb1f196"),taye,""2019-02-07T20:47:15.000Z"",8
ObjectId("5dd9764f81892774deb1f197"),taye,""2019-02-07T20:46:39.000Z"",86
ObjectId("5dd9765081892774deb1f198"),taye,""2019-02-07T20:45:53.000Z"",2
ObjectId("5dd9765081892774deb1f199"),taye,""2019-02-07T20:45:13.000Z"",21
ObjectId("5dd9765081892774deb1f19a"),taye,""2019-02-07T20:40:57.000Z"",47
ObjectId("5dd9765181892774deb1f19b"),taye,""2019-02-07T20:32:13.000Z"",24
ObjectId("5dd9765181892774deb1f19c"),taye,""2019-02-07T20:30:37.000Z"",16
ObjectId("5dd9765181892774deb1f19d"),taye,""2019-02-07T20:30:29.000Z"",10
ObjectId("5dd9765181892774deb1f19e"),taye,""2019-02-07T20:30:13.000Z"",260
ObjectId("5dd9765281892774deb1f19f"),taye,""2019-02-07T20:24:24.000Z"",4
ObjectId("5dd9765281892774deb1f1a0"),taye,""2019-02-07T20:22:29.000Z"",2
ObjectId("5dd9765381892774deb1f1a1"),taye,""2019-02-07T20:21:56.000Z"",89
ObjectId("5dd9765381892774deb1f1a2"),taye,""2019-02-07T20:16:11.000Z"",20
ObjectId("5dd9765481892774deb1f1a3"),taye,""2019-02-07T20:15:37.000Z"",894
ObjectId("5dd9765481892774deb1f1a4"),taye,""2019-02-07T19:53:37.000Z"",61
ObjectId("5dd9765581892774deb1f1a5"),taye,""2019-02-07T19:51:56.000Z"",1153
ObjectId("5dd9765581892774deb1f1a6"),taye,""2019-02-07T19:47:36.000Z"",137
ObjectId("5dd9765581892774deb1f1a7"),taye,""2019-02-07T19:40:31.000Z"",19
ObjectId("5dd9765681892774deb1f1a8"),taye,""2019-02-07T19:38:22.000Z"",156
ObjectId("5dd9765681892774deb1f1a9"),taye,""2019-02-07T19:25:13.000Z"",2
ObjectId("5dd9765681892774deb1f1aa"),taye,""2019-02-07T19:23:26.000Z"",1468
ObjectId("5dd9765781892774deb1f1ab"),taye,""2019-02-07T19:12:18.000Z"",8
ObjectId("5dd9765781892774deb1f1ac"),taye,""2019-02-07T19:11:41.000Z"",142
ObjectId("5dd9765781892774deb1f1ad"),taye,""2019-02-07T19:06:16.000Z"",2
ObjectId("5dd9765881892774deb1f1ae"),taye,""2019-02-07T19:03:43.000Z"",6
ObjectId("5dd9765881892774deb1f1af"),taye,""2019-02-07T18:52:36.000Z"",126
ObjectId("5dd9765981892774deb1f1b0"),taye,""2019-02-07T18:44:26.000Z"",572
ObjectId("5dd9765981892774deb1f1b1"),taye,""2019-02-07T17:53:12.000Z"",48
ObjectId("5dd9765981892774deb1f1b2"),taye,""2019-02-07T17:45:29.000Z"",6
ObjectId("5dd9765a81892774deb1f1b3"),taye,""2019-02-07T17:24:47.000Z"",16
ObjectId("5dd9765a81892774deb1f1b4"),taye,""2019-02-07T17:19:21.000Z"",254
ObjectId("5dd9765b81892774deb1f1b5"),taye,""2019-02-07T16:19:01.000Z"",23
ObjectId("5dd9765b81892774deb1f1b6"),taye,""2019-02-07T16:06:01.000Z"",6
ObjectId("5dd9765b81892774deb1f1b7"),taye,""2019-02-07T16:05:13.000Z"",737
ObjectId("5dd9765b81892774deb1f1b8"),taye,""2019-02-07T15:56:03.000Z"",15
ObjectId("5dd9765c81892774deb1f1b9"),taye,""2019-02-07T15:49:53.000Z"",48
ObjectId("5dd9765c81892774deb1f1ba"),taye,""2019-02-07T15:45:58.000Z"",120
ObjectId("5dd9765c81892774deb1f1bb"),taye,""2019-02-07T15:28:28.000Z"",86
ObjectId("5dd9765d81892774deb1f1bc"),taye,""2019-02-07T14:49:41.000Z"",20
ObjectId("5dd9765d81892774deb1f1bd"),taye,""2019-02-07T13:42:21.000Z"",45
ObjectId("5dd9765d81892774deb1f1be"),taye,""2019-02-07T13:14:59.000Z"",39
ObjectId("5dd9765e81892774deb1f1bf"),taye,""2019-02-07T12:53:22.000Z"",13
ObjectId("5dd9765e81892774deb1f1c0"),taye,""2019-02-07T12:44:32.000Z"",110
ObjectId("5dd9765f81892774deb1f1c1"),taye,""2019-02-01T14:45:40.000Z"",156
ObjectId("5dd9765f81892774deb1f1c2"),taye,""2019-02-07T09:52:54.000Z"",21
ObjectId("5dd9765f81892774deb1f1c3"),taye,""2019-02-07T09:09:17.000Z"",10
ObjectId("5dd9765f81892774deb1f1c4"),taye,""2019-02-07T09:04:29.000Z"",8
ObjectId("5dd9766081892774deb1f1c5"),taye,""2019-02-07T08:59:41.000Z"",2
ObjectId("5dd9766081892774deb1f1c6"),taye,""2019-02-07T08:22:57.000Z"",2
ObjectId("5dd9766181892774deb1f1c7"),taye,""2019-02-07T06:39:11.000Z"",47
ObjectId("5dd9766181892774deb1f1c8"),taye,""2019-02-07T05:11:18.000Z"",72
ObjectId("5dd9766181892774deb1f1c9"),taye,""2019-02-07T04:15:22.000Z"",47
ObjectId("5dd9766281892774deb1f1ca"),taye,""2017-01-31T00:03:44.000Z"",5
ObjectId("5dd9766281892774deb1f1cb"),taye,""2017-01-30T04:35:01.000Z"",2
ObjectId("5dd9766281892774deb1f1cc"),taye,""2017-01-30T04:30:31.000Z"",593
ObjectId("5dd9766381892774deb1f1cd"),taye,""2017-01-30T03:37:10.000Z"",54
ObjectId("5dd9766381892774deb1f1ce"),taye,""2017-01-30T03:00:11.000Z"",12
ObjectId("5dd9766381892774deb1f1cf"),taye,""2017-01-30T02:53:36.000Z"",83
ObjectId("5dd9766381892774deb1f1d0"),taye,""2017-01-30T02:23:34.000Z"",85
ObjectId("5dd9766481892774deb1f1d1"),taye,""2017-01-30T01:01:33.000Z"",142
ObjectId("5dd9766481892774deb1f1d2"),taye,""2017-01-30T00:35:03.000Z"",16
ObjectId("5dd9766481892774deb1f1d3"),taye,""2017-01-30T00:33:12.000Z"",2
ObjectId("5dd9766481892774deb1f1d4"),taye,""2017-01-30T00:32:45.000Z"",9
ObjectId("5dd9766581892774deb1f1d5"),taye,""2017-01-29T21:47:13.000Z"",3
ObjectId("5dd9766581892774deb1f1d6"),taye,""2017-01-29T21:43:36.000Z"",2
ObjectId("5dd9766581892774deb1f1d7"),taye,""2017-01-29T21:42:14.000Z"",549
ObjectId("5dd9766581892774deb1f1d8"),taye,""2017-01-29T19:21:54.000Z"",2
ObjectId("5dd9766681892774deb1f1d9"),taye,""2017-01-29T19:20:52.000Z"",1
ObjectId("5dd9766681892774deb1f1da"),taye,""2017-01-29T18:56:07.000Z"",316
ObjectId("5dd9766681892774deb1f1db"),taye,""2017-01-29T12:41:43.000Z"",268
ObjectId("5dd9766781892774deb1f1dc"),taye,""2017-01-29T12:36:15.000Z"",30
ObjectId("5dd9766781892774deb1f1dd"),taye,""2017-01-29T04:16:43.000Z"",8
ObjectId("5dd9766781892774deb1f1de"),taye,""2017-01-29T01:38:16.000Z"",4
ObjectId("5dd976b181892774deb1f1df"),taye,""2019-11-23T18:08:07.000Z"",136
ObjectId("5dd976b181892774deb1f1e0"),taye,""2019-11-23T18:04:03.000Z"",7
ObjectId("5dd976b181892774deb1f1e1"),taye,""2019-11-23T17:42:17.000Z"",1
ObjectId("5dd976b181892774deb1f1e2"),taye,""2019-11-23T17:41:35.000Z"",3
ObjectId("5dd976b181892774deb1f1e3"),taye,""2019-11-23T17:39:01.000Z"",5
ObjectId("5dd976b281892774deb1f1e4"),taye,""2019-11-23T17:24:16.000Z"",2
ObjectId("5dd976b281892774deb1f1e5"),taye,""2019-11-23T17:20:58.000Z"",5
ObjectId("5dd976b281892774deb1f1e6"),taye,""2019-11-23T17:10:09.000Z"",2
ObjectId("5dd976b281892774deb1f1e7"),taye,""2019-11-23T17:05:04.000Z"",4
ObjectId("5dd976b381892774deb1f1e8"),taye,""2019-11-23T16:42:24.000Z"",3
ObjectId("5dd976b381892774deb1f1e9"),taye,""2019-11-23T16:39:12.000Z"",133
ObjectId("5dd976b381892774deb1f1ea"),taye,""2019-11-23T16:34:26.000Z"",354
ObjectId("5dd976b381892774deb1f1eb"),taye,""2019-11-23T01:32:11.000Z"",12
ObjectId("5dd976b481892774deb1f1ec"),taye,""2019-11-22T17:42:29.000Z"",20
ObjectId("5dd976b481892774deb1f1ed"),taye,""2019-11-22T17:32:53.000Z"",5
ObjectId("5dd976b481892774deb1f1ee"),taye,""2019-11-22T17:10:21.000Z"",92
ObjectId("5dd976b581892774deb1f1ef"),taye,""2019-11-22T14:51:04.000Z"",6
ObjectId("5dd976b581892774deb1f1f0"),taye,""2019-11-22T14:41:16.000Z"",2
ObjectId("5dd976b581892774deb1f1f1"),taye,""2019-11-22T14:38:55.000Z"",134
ObjectId("5dd976b681892774deb1f1f2"),taye,""2019-11-22T14:34:23.000Z"",2
ObjectId("5dd976b681892774deb1f1f3"),taye,""2019-11-22T14:34:03.000Z"",620
ObjectId("5dd976b681892774deb1f1f4"),taye,""2019-11-22T14:01:30.000Z"",293
ObjectId("5dd976b781892774deb1f1f5"),taye,""2019-11-20T00:55:05.000Z"",5
ObjectId("5dd976b781892774deb1f1f6"),taye,""2019-11-19T23:43:25.000Z"",28
ObjectId("5dd976b781892774deb1f1f7"),taye,""2019-11-19T23:37:57.000Z"",22
ObjectId("5dd976b781892774deb1f1f8"),taye,""2019-11-18T12:36:23.000Z"",240
ObjectId("5dd976b881892774deb1f1f9"),taye,""2019-11-22T01:46:14.000Z"",23
ObjectId("5dd976b881892774deb1f1fa"),taye,""2019-11-22T01:32:45.000Z"",32
ObjectId("5dd976b881892774deb1f1fb"),taye,""2019-11-22T00:34:22.000Z"",76
ObjectId("5dd976b881892774deb1f1fc"),taye,""2019-11-21T14:27:57.000Z"",2
ObjectId("5dd976b981892774deb1f1fd"),taye,""2019-11-20T01:21:24.000Z"",80
ObjectId("5dd976ba81892774deb1f1fe"),taye,""2019-11-20T01:19:48.000Z"",12
ObjectId("5dd976ba81892774deb1f1ff"),taye,""2019-11-20T00:58:54.000Z"",5
ObjectId("5dd976ba81892774deb1f200"),taye,""2019-11-20T00:46:58.000Z"",4
ObjectId("5dd976ba81892774deb1f201"),taye,""2019-11-19T23:48:31.000Z"",2
ObjectId("5dd976bb81892774deb1f202"),taye,""2019-11-19T23:45:44.000Z"",14
ObjectId("5dd976bb81892774deb1f203"),taye,""2019-11-19T23:44:37.000Z"",6
ObjectId("5dd976bb81892774deb1f204"),taye,""2019-11-17T13:36:32.000Z"",134
ObjectId("5dd976bc81892774deb1f205"),taye,""2019-11-17T13:35:42.000Z"",759
ObjectId("5dd976bc81892774deb1f206"),taye,""2019-11-17T13:32:38.000Z"",31
ObjectId("5dd976bc81892774deb1f207"),taye,""2019-11-17T12:07:51.000Z"",22
ObjectId("5dd976bd81892774deb1f208"),taye,""2019-11-17T11:36:10.000Z"",20
ObjectId("5dd976bd81892774deb1f209"),taye,""2019-11-17T06:20:35.000Z"",162
ObjectId("5dd976be81892774deb1f20a"),taye,""2019-11-17T03:28:10.000Z"",51
ObjectId("5dd976be81892774deb1f20b"),taye,""2019-11-15T17:00:36.000Z"",175
ObjectId("5dd976be81892774deb1f20c"),taye,""2019-11-11T01:58:38.000Z"",385
ObjectId("5dd976bf81892774deb1f20d"),taye,""2019-11-10T10:31:52.000Z"",133
ObjectId("5dd976bf81892774deb1f20e"),taye,""2019-11-15T16:59:14.000Z"",515
ObjectId("5dd976bf81892774deb1f20f"),taye,""2019-11-15T01:18:57.000Z"",8
ObjectId("5dd976c081892774deb1f210"),taye,""2019-11-12T14:09:56.000Z"",3
ObjectId("5dd976c081892774deb1f211"),taye,""2019-11-12T14:02:34.000Z"",134
ObjectId("5dd976c081892774deb1f212"),taye,""2019-11-12T13:53:30.000Z"",2
ObjectId("5dd976c181892774deb1f213"),taye,""2019-11-12T12:41:11.000Z"",207
ObjectId("5dd976c181892774deb1f214"),taye,""2019-11-11T22:50:38.000Z"",124
ObjectId("5dd976c181892774deb1f215"),taye,""2019-11-11T15:14:53.000Z"",1356
ObjectId("5dd976c281892774deb1f216"),taye,""2019-11-11T12:21:52.000Z"",31
ObjectId("5dd976c281892774deb1f217"),taye,""2019-11-11T11:16:54.000Z"",26
ObjectId("5dd976c281892774deb1f218"),taye,""2019-11-10T11:02:37.000Z"",8
ObjectId("5dd976c381892774deb1f219"),taye,""2019-11-10T03:30:22.000Z"",186
ObjectId("5dd976c381892774deb1f21a"),taye,""2019-10-31T20:47:57.000Z"",387
ObjectId("5dd976c481892774deb1f21b"),taye,""2019-11-09T17:37:50.000Z"",777
ObjectId("5dd976c481892774deb1f21c"),taye,""2019-11-08T01:44:33.000Z"",128
ObjectId("5dd976c481892774deb1f21d"),taye,""2019-11-07T23:40:54.000Z"",783
ObjectId("5dd976c581892774deb1f21e"),taye,""2019-11-04T18:26:38.000Z"",940
ObjectId("5dd976c581892774deb1f21f"),taye,""2019-10-26T18:59:33.000Z"",2
ObjectId("5dd976c581892774deb1f220"),taye,""2019-10-26T18:52:05.000Z"",336
ObjectId("5dd976c681892774deb1f221"),taye,""2019-10-25T18:40:30.000Z"",33
ObjectId("5dd976c681892774deb1f222"),taye,""2019-10-25T16:41:38.000Z"",127
ObjectId("5dd976c781892774deb1f223"),taye,""2019-10-25T16:39:40.000Z"",2849
ObjectId("5dd976c781892774deb1f224"),taye,""2019-10-25T16:30:20.000Z"",100
ObjectId("5dd976c781892774deb1f225"),taye,""2019-10-17T17:17:41.000Z"",148
ObjectId("5dd976c781892774deb1f226"),taye,""2019-10-18T12:49:09.000Z"",4
ObjectId("5dd976c881892774deb1f227"),taye,""2019-09-23T20:15:35.000Z"",8
ObjectId("5dd976c881892774deb1f228"),taye,""2019-09-16T17:08:30.000Z"",4
ObjectId("5dd976c881892774deb1f229"),taye,""2019-09-10T20:00:12.000Z"",129
ObjectId("5dd976c981892774deb1f22a"),taye,""2019-09-10T19:59:55.000Z"",39
ObjectId("5dd976c981892774deb1f22b"),taye,""2019-09-10T16:55:53.000Z"",12
ObjectId("5dd976c981892774deb1f22c"),taye,""2019-09-05T21:00:03.000Z"",4
ObjectId("5dd976c981892774deb1f22d"),taye,""2019-09-02T02:22:11.000Z"",124
ObjectId("5dd976ca81892774deb1f22e"),taye,""2019-09-02T01:49:04.000Z"",1
ObjectId("5dd976ca81892774deb1f22f"),taye,""2019-09-02T01:39:08.000Z"",130
ObjectId("5dd976ca81892774deb1f230"),taye,""2019-09-02T01:35:52.000Z"",131
ObjectId("5dd976cb81892774deb1f231"),taye,""2019-09-01T23:34:42.000Z"",130
ObjectId("5dd976cb81892774deb1f232"),taye,""2019-09-01T23:33:23.000Z"",84
ObjectId("5dd976cb81892774deb1f233"),taye,""2019-09-01T07:00:36.000Z"",91
ObjectId("5dd976cb81892774deb1f234"),taye,""2019-09-01T04:51:47.000Z"",175
ObjectId("5dd976cc81892774deb1f235"),taye,""2019-09-01T03:50:47.000Z"",1
ObjectId("5dd976cc81892774deb1f236"),taye,""2019-07-25T17:22:33.000Z"",128
ObjectId("5dd976cc81892774deb1f237"),taye,""2019-07-25T16:59:30.000Z"",4
ObjectId("5dd976cd81892774deb1f238"),taye,""2019-07-17T14:31:52.000Z"",128
ObjectId("5dd976cd81892774deb1f239"),taye,""2019-07-17T14:27:18.000Z"",20
ObjectId("5dd976cd81892774deb1f23a"),taye,""2019-07-15T15:02:23.000Z"",4
ObjectId("5dd976ce81892774deb1f23b"),taye,""2019-07-15T15:00:12.000Z"",129
ObjectId("5dd976ce81892774deb1f23c"),taye,""2019-07-15T14:56:46.000Z"",27
ObjectId("5dd976ce81892774deb1f23d"),taye,""2019-07-14T23:04:26.000Z"",165
ObjectId("5dd976cf81892774deb1f23e"),taye,""2019-07-14T20:51:16.000Z"",270
ObjectId("5dd976cf81892774deb1f23f"),taye,""2019-07-14T18:43:31.000Z"",2
ObjectId("5dd976d081892774deb1f240"),taye,""2019-07-14T18:30:32.000Z"",52
ObjectId("5dd976d081892774deb1f241"),taye,""2019-07-14T17:08:45.000Z"",120
ObjectId("5dd976d081892774deb1f242"),taye,""2019-07-14T15:56:49.000Z"",1924
ObjectId("5dd976d081892774deb1f243"),taye,""2019-07-14T15:33:54.000Z"",131
ObjectId("5dd976d181892774deb1f244"),taye,""2017-01-04T23:57:00.000Z"",2
ObjectId("5dd976d181892774deb1f245"),taye,""2017-01-04T23:41:15.000Z"",108
ObjectId("5dd976d281892774deb1f246"),taye,""2017-04-09T14:04:05.000Z"",7660
ObjectId("5dd976d281892774deb1f247"),taye,""2017-04-09T14:03:52.000Z"",7660
ObjectId("5dd976d281892774deb1f248"),taye,""2017-04-09T09:03:38.000Z"",1115
ObjectId("5dd976d381892774deb1f249"),taye,""2017-04-09T09:03:25.000Z"",1115
ObjectId("5dd976d381892774deb1f24a"),taye,""2017-04-09T05:03:57.000Z"",8308
ObjectId("5dd976d481892774deb1f24b"),taye,""2017-04-09T05:03:34.000Z"",8308
ObjectId("5dd976d481892774deb1f24c"),taye,""2017-04-09T05:03:12.000Z"",2256
ObjectId("5dd976d581892774deb1f24d"),taye,""2017-04-09T05:03:00.000Z"",2256
ObjectId("5dd976d581892774deb1f24e"),taye,""2017-04-09T04:34:50.000Z"",26388
ObjectId("5dd976d581892774deb1f24f"),taye,""2017-04-09T04:34:34.000Z"",26388
ObjectId("5dd976d681892774deb1f250"),taye,""2017-04-09T04:33:40.000Z"",8305
ObjectId("5dd976d681892774deb1f251"),taye,""2017-04-09T04:33:17.000Z"",8305
ObjectId("5dd976d781892774deb1f252"),taye,""2017-04-09T04:03:09.000Z"",2
ObjectId("5dd976d781892774deb1f253"),taye,""2017-04-09T04:02:56.000Z"",2
ObjectId("5dd976d781892774deb1f254"),taye,""2017-04-09T02:34:27.000Z"",1
ObjectId("5dd976d881892774deb1f255"),taye,""2017-04-09T02:34:17.000Z"",1
ObjectId("5dd976d881892774deb1f256"),taye,""2017-04-09T01:35:26.000Z"",31198
ObjectId("5dd976d981892774deb1f257"),taye,""2017-04-09T01:35:13.000Z"",31198
ObjectId("5dd976d981892774deb1f258"),taye,""2017-04-09T01:06:06.000Z"",1530
ObjectId("5dd976d981892774deb1f259"),taye,""2017-04-09T01:05:52.000Z"",1530
ObjectId("5dd976da81892774deb1f25a"),taye,""2017-04-08T19:03:08.000Z"",3590
ObjectId("5dd976da81892774deb1f25b"),taye,""2017-04-08T19:02:54.000Z"",3590
ObjectId("5dd976da81892774deb1f25c"),taye,""2017-04-08T13:03:42.000Z"",14
ObjectId("5dd976db81892774deb1f25d"),taye,""2017-04-08T13:03:31.000Z"",14
ObjectId("5dd976db81892774deb1f25e"),taye,""2017-04-08T12:03:39.000Z"",1077
ObjectId("5dd976dc81892774deb1f25f"),taye,""2017-04-08T12:03:30.000Z"",1077
ObjectId("5dd976dc81892774deb1f260"),taye,""2017-04-08T11:36:08.000Z"",2300
ObjectId("5dd976dc81892774deb1f261"),taye,""2017-04-08T11:35:54.000Z"",2300
ObjectId("5dd976dd81892774deb1f262"),taye,""2017-04-08T06:06:20.000Z"",6
ObjectId("5dd976dd81892774deb1f263"),taye,""2017-04-08T06:06:11.000Z"",6
ObjectId("5dd976dd81892774deb1f264"),taye,""2017-04-08T05:03:30.000Z"",18
ObjectId("5dd976de81892774deb1f265"),taye,""2017-04-08T05:03:16.000Z"",18
ObjectId("5dd976de81892774deb1f266"),taye,""2017-04-08T01:06:48.000Z"",9
ObjectId("5dd976de81892774deb1f267"),taye,""2017-04-08T01:06:39.000Z"",9
ObjectId("5dd976df81892774deb1f268"),taye,""2017-04-08T01:05:37.000Z"",4
ObjectId("5dd976df81892774deb1f269"),taye,""2017-04-08T01:05:27.000Z"",4
ObjectId("5dd976df81892774deb1f26a"),taye,""2017-04-08T01:05:26.000Z"",4
ObjectId("5dd976e081892774deb1f26b"),taye,""2017-04-08T01:05:15.000Z"",4
ObjectId("5dd976e081892774deb1f26c"),taye,""2017-04-08T00:49:44.000Z"",2
ObjectId("5dd976e081892774deb1f26d"),taye,""2017-04-08T00:49:37.000Z"",1
ObjectId("5dd976e081892774deb1f26e"),taye,""2017-04-07T22:34:54.000Z"",53
ObjectId("5dd976e181892774deb1f26f"),taye,""2017-04-07T22:34:44.000Z"",53
ObjectId("5dd976e281892774deb1f270"),taye,""2017-04-07T22:06:01.000Z"",45448
ObjectId("5dd976e281892774deb1f271"),taye,""2017-04-07T22:05:47.000Z"",45448
ObjectId("5dd976e281892774deb1f272"),taye,""2017-04-07T21:03:48.000Z"",104577
ObjectId("5dd976e381892774deb1f273"),taye,""2017-04-07T21:03:36.000Z"",104577
ObjectId("5dd976e381892774deb1f274"),taye,""2017-04-07T20:34:32.000Z"",56164
ObjectId("5dd976e481892774deb1f275"),taye,""2017-04-07T20:34:07.000Z"",56164
ObjectId("5dd976e481892774deb1f276"),taye,""2017-04-07T20:33:11.000Z"",117003
ObjectId("5dd976e581892774deb1f277"),taye,""2017-04-07T20:32:59.000Z"",117003
ObjectId("5dd976e581892774deb1f278"),taye,""2017-04-07T19:36:17.000Z"",9850
ObjectId("5dd976e581892774deb1f279"),taye,""2017-04-07T19:36:04.000Z"",9850
ObjectId("5dd976e681892774deb1f27a"),taye,""2017-04-07T17:06:27.000Z"",2
ObjectId("5dd9777412d2c330045286c1"),techfort,""2017-08-18T14:33:40.000Z"",4
ObjectId("5dd9777412d2c330045286c2"),techfort,""2017-08-18T14:32:34.000Z"",96151
ObjectId("5dd9777512d2c330045286c3"),techfort,""2017-08-18T14:25:36.000Z"",1531
ObjectId("5dd9777512d2c330045286c4"),techfort,""2017-08-17T21:01:58.000Z"",161
ObjectId("5dd9777612d2c330045286c5"),techfort,""2017-08-17T14:49:43.000Z"",1065
ObjectId("5dd9777712d2c330045286c6"),techfort,""2017-08-17T11:21:34.000Z"",1487
ObjectId("5dd9777712d2c330045286c7"),techfort,""2017-08-17T10:43:16.000Z"",1527
ObjectId("5dd9777812d2c330045286c8"),techfort,""2017-08-16T15:50:38.000Z"",877
ObjectId("5dd9777812d2c330045286c9"),techfort,""2017-08-15T17:05:27.000Z"",4401
ObjectId("5dd9777912d2c330045286ca"),techfort,""2017-08-08T19:59:03.000Z"",0
ObjectId("5dd9777912d2c330045286cb"),techfort,""2017-08-08T15:17:39.000Z"",485
ObjectId("5dd9777a12d2c330045286cc"),techfort,""2017-05-25T10:12:28.000Z"",61
ObjectId("5dd9777a12d2c330045286cd"),techfort,""2017-05-23T20:26:07.000Z"",117
ObjectId("5dd9777a12d2c330045286ce"),techfort,""2017-04-23T10:22:23.000Z"",12
ObjectId("5dd9777b12d2c330045286cf"),techfort,""2017-04-22T15:12:40.000Z"",2
ObjectId("5dd9777b12d2c330045286d0"),techfort,""2017-04-22T15:04:03.000Z"",11
ObjectId("5dd9777b12d2c330045286d1"),techfort,""2017-04-22T15:02:00.000Z"",11
ObjectId("5dd9777b12d2c330045286d2"),techfort,""2017-04-22T02:02:51.000Z"",150
ObjectId("5dd9777c12d2c330045286d3"),techfort,""2017-04-21T21:43:33.000Z"",10
ObjectId("5dd9777c12d2c330045286d4"),techfort,""2017-04-21T21:40:04.000Z"",4
ObjectId("5dd9777c12d2c330045286d5"),techfort,""2017-04-16T03:38:50.000Z"",291
ObjectId("5dd9777c12d2c330045286d6"),techfort,""2017-04-16T02:58:58.000Z"",67
ObjectId("5dd9777d12d2c330045286d7"),techfort,""2017-04-16T03:01:06.000Z"",159
ObjectId("5dd9777d12d2c330045286d8"),techfort,""2017-04-16T03:00:29.000Z"",542
ObjectId("5dd9777d12d2c330045286d9"),techfort,""2017-04-09T03:10:59.000Z"",356
ObjectId("5dd9777e12d2c330045286da"),techfort,""2017-04-16T02:55:08.000Z"",86
ObjectId("5dd9777e12d2c330045286db"),techfort,""2017-03-27T15:44:31.000Z"",2
ObjectId("5dd9777e12d2c330045286dc"),techfort,""2017-03-24T17:38:29.000Z"",5
ObjectId("5dd9777e12d2c330045286dd"),techfort,""2017-03-24T17:36:27.000Z"",4
ObjectId("5dd9777f12d2c330045286de"),techfort,""2017-03-24T17:33:51.000Z"",2
ObjectId("5dd9777f12d2c330045286df"),techfort,""2017-03-24T17:31:29.000Z"",1528
ObjectId("5dd9777f12d2c330045286e0"),techfort,""2017-03-24T14:06:06.000Z"",97
ObjectId("5dd9778012d2c330045286e1"),techfort,""2017-03-24T14:05:41.000Z"",5
ObjectId("5dd9778012d2c330045286e2"),techfort,""2017-03-24T13:55:24.000Z"",17
ObjectId("5dd9778112d2c330045286e3"),techfort,""2017-03-24T13:50:13.000Z"",4
ObjectId("5dd9778112d2c330045286e4"),techfort,""2017-03-24T13:34:28.000Z"",3
ObjectId("5dd9778112d2c330045286e5"),techfort,""2017-03-03T22:33:13.000Z"",97
ObjectId("5dd9778212d2c330045286e6"),techfort,""2017-02-19T15:01:35.000Z"",2
ObjectId("5dd9778212d2c330045286e7"),techfort,""2017-02-19T14:53:49.000Z"",228
ObjectId("5dd9778212d2c330045286e8"),techfort,""2017-02-19T14:47:02.000Z"",32
ObjectId("5dd9778312d2c330045286e9"),techfort,""2017-02-19T14:46:42.000Z"",13
ObjectId("5dd9778312d2c330045286ea"),techfort,""2017-02-10T00:41:00.000Z"",5
ObjectId("5dd9778312d2c330045286eb"),techfort,""2017-02-07T23:08:14.000Z"",46
ObjectId("5dd9778412d2c330045286ec"),techfort,""2017-02-07T22:50:33.000Z"",79
ObjectId("5dd9778412d2c330045286ed"),techfort,""2017-02-07T17:44:02.000Z"",375
ObjectId("5dd9778412d2c330045286ee"),techfort,""2017-02-05T21:49:17.000Z"",23
ObjectId("5dd9778412d2c330045286ef"),techfort,""2017-02-04T15:00:40.000Z"",48
ObjectId("5dd9778512d2c330045286f0"),techfort,""2017-02-04T13:28:15.000Z"",14
ObjectId("5dd9778512d2c330045286f1"),techfort,""2017-02-03T22:30:52.000Z"",15
ObjectId("5dd9778512d2c330045286f2"),techfort,""2017-02-03T02:06:36.000Z"",14
ObjectId("5dd9778612d2c330045286f3"),techfort,""2017-01-31T00:07:18.000Z"",6
ObjectId("5dd9778612d2c330045286f4"),techfort,""2017-01-30T22:47:01.000Z"",28214
ObjectId("5dd9778712d2c330045286f5"),techfort,""2017-01-22T15:05:45.000Z"",1039
ObjectId("5dd9778712d2c330045286f6"),techfort,""2017-01-22T15:04:34.000Z"",8
ObjectId("5dd9778712d2c330045286f7"),techfort,""2017-01-21T15:42:08.000Z"",1039
ObjectId("5dd9778812d2c330045286f8"),techfort,""2017-01-20T04:02:26.000Z"",187
ObjectId("5dd9778812d2c330045286f9"),techfort,""2017-01-17T23:31:41.000Z"",4
ObjectId("5dd9778812d2c330045286fa"),techfort,""2017-01-17T23:31:29.000Z"",46
ObjectId("5dd9778912d2c330045286fb"),techfort,""2017-01-17T23:20:35.000Z"",4
ObjectId("5dd9778912d2c330045286fc"),techfort,""2017-01-17T04:20:59.000Z"",4
ObjectId("5dd9778912d2c330045286fd"),techfort,""2017-01-17T03:45:02.000Z"",122
ObjectId("5dd9778912d2c330045286fe"),techfort,""2017-01-17T03:11:33.000Z"",23
ObjectId("5dd9778a12d2c330045286ff"),techfort,""2017-01-17T02:58:58.000Z"",48
ObjectId("5dd9778a12d2c33004528700"),techfort,""2017-01-17T02:55:49.000Z"",336
ObjectId("5dd9778a12d2c33004528701"),techfort,""2017-01-17T02:54:52.000Z"",13
ObjectId("5dd9778b12d2c33004528702"),techfort,""2017-01-14T16:21:34.000Z"",4
ObjectId("5dd9778b12d2c33004528703"),techfort,""2017-01-14T16:03:47.000Z"",32
ObjectId("5dd9778b12d2c33004528704"),techfort,""2017-01-07T11:01:09.000Z"",15
ObjectId("5dd9778b12d2c33004528705"),techfort,""2017-01-07T00:01:47.000Z"",1
ObjectId("5dd9778c12d2c33004528706"),techfort,""2017-01-06T22:23:20.000Z"",14
ObjectId("5dd9778c12d2c33004528707"),techfort,""2017-01-06T21:02:41.000Z"",2
ObjectId("5dd9778d12d2c33004528708"),techfort,""2017-01-06T03:44:20.000Z"",358
ObjectId("5dd9778e12d2c33004528709"),techfort,""2017-02-21T20:30:37.000Z"",24
ObjectId("5dd9778e12d2c3300452870a"),techfort,""2017-02-21T20:17:36.000Z"",28
ObjectId("5dd9778e12d2c3300452870b"),techfort,""2017-02-21T20:16:35.000Z"",138
ObjectId("5dd9778f12d2c3300452870c"),techfort,""2017-01-26T22:07:23.000Z"",13
ObjectId("5dd9778f12d2c3300452870d"),techfort,""2017-01-26T21:37:43.000Z"",9
ObjectId("5dd9778f12d2c3300452870e"),techfort,""2017-01-26T20:10:20.000Z"",4
ObjectId("5dd9778f12d2c3300452870f"),techfort,""2017-01-26T02:23:21.000Z"",2
ObjectId("5dd9779012d2c33004528710"),techfort,""2017-01-26T01:29:14.000Z"",92
ObjectId("5dd9779012d2c33004528711"),techfort,""2017-01-26T01:20:25.000Z"",93
ObjectId("5dd9779012d2c33004528712"),techfort,""2017-01-26T00:44:31.000Z"",1
ObjectId("5dd9779112d2c33004528713"),techfort,""2017-01-25T23:18:33.000Z"",18
ObjectId("5dd9779112d2c33004528714"),techfort,""2017-01-25T23:18:33.000Z"",18
ObjectId("5dd9779112d2c33004528715"),techfort,""2017-01-25T20:13:52.000Z"",2
ObjectId("5dd9779212d2c33004528716"),techfort,""2017-01-25T18:12:38.000Z"",13
ObjectId("5dd9779212d2c33004528717"),techfort,""2017-01-25T17:10:13.000Z"",2
ObjectId("5dd9779212d2c33004528718"),techfort,""2017-01-25T02:50:54.000Z"",4
ObjectId("5dd9779212d2c33004528719"),techfort,""2017-01-25T02:27:24.000Z"",2
ObjectId("5dd9779312d2c3300452871a"),techfort,""2017-01-24T23:54:57.000Z"",4
ObjectId("5dd9779312d2c3300452871b"),techfort,""2017-01-24T23:08:29.000Z"",17
ObjectId("5dd9779312d2c3300452871c"),techfort,""2017-01-24T07:32:26.000Z"",24
ObjectId("5dd9779312d2c3300452871d"),techfort,""2017-01-24T07:10:05.000Z"",3
ObjectId("5dd9779412d2c3300452871e"),techfort,""2017-01-24T07:00:05.000Z"",3
ObjectId("5dd9779412d2c3300452871f"),techfort,""2017-01-24T06:47:55.000Z"",3
ObjectId("5dd9779412d2c33004528720"),techfort,""2017-01-24T04:09:03.000Z"",17
ObjectId("5dd9779512d2c33004528721"),techfort,""2017-01-23T07:01:09.000Z"",6
ObjectId("5dd9779512d2c33004528722"),techfort,""2017-01-22T22:55:30.000Z"",3
ObjectId("5dd9779512d2c33004528723"),techfort,""2017-01-22T22:06:21.000Z"",13
ObjectId("5dd9779512d2c33004528724"),techfort,""2017-01-22T22:01:26.000Z"",4
ObjectId("5dd9779612d2c33004528725"),techfort,""2017-01-22T19:36:46.000Z"",236
ObjectId("5dd9779612d2c33004528726"),techfort,""2017-01-20T03:02:22.000Z"",7
ObjectId("5dd9779612d2c33004528727"),techfort,""2017-01-20T02:35:27.000Z"",4
ObjectId("5dd9779712d2c33004528728"),techfort,""2017-01-20T02:34:55.000Z"",9
ObjectId("5dd9779712d2c33004528729"),techfort,""2017-01-20T02:29:03.000Z"",5
ObjectId("5dd9779712d2c3300452872a"),techfort,""2017-01-20T02:26:25.000Z"",30
ObjectId("5dd9779812d2c3300452872b"),techfort,""2017-01-20T01:33:42.000Z"",198
ObjectId("5dd9779812d2c3300452872c"),techfort,""2017-01-18T23:42:39.000Z"",204
ObjectId("5dd9779812d2c3300452872d"),techfort,""2017-01-18T20:59:37.000Z"",35
ObjectId("5dd9779912d2c3300452872e"),techfort,""2017-01-18T20:22:42.000Z"",4
ObjectId("5dd9779912d2c3300452872f"),techfort,""2017-01-18T20:19:57.000Z"",502
ObjectId("5dd9779912d2c33004528730"),techfort,""2017-01-13T20:44:08.000Z"",30
ObjectId("5dd9779a12d2c33004528731"),techfort,""2017-01-13T19:29:14.000Z"",7
ObjectId("5dd9779a12d2c33004528732"),techfort,""2017-01-12T20:47:13.000Z"",24
ObjectId("5dd9779a12d2c33004528733"),techfort,""2017-01-12T03:52:41.000Z"",6
ObjectId("5dd9779a12d2c33004528734"),techfort,""2017-01-12T03:49:37.000Z"",4
ObjectId("5dd9779b12d2c33004528735"),techfort,""2017-01-12T03:48:05.000Z"",346
ObjectId("5dd9779b12d2c33004528736"),techfort,""2017-01-11T11:22:59.000Z"",24
ObjectId("5dd9779c12d2c33004528737"),techfort,""2017-01-11T10:51:52.000Z"",7
ObjectId("5dd9779c12d2c33004528738"),techfort,""2017-01-11T10:50:41.000Z"",4
ObjectId("5dd9779c12d2c33004528739"),techfort,""2017-01-11T10:49:12.000Z"",10
ObjectId("5dd9779c12d2c3300452873a"),techfort,""2017-01-11T10:45:55.000Z"",12
ObjectId("5dd9779d12d2c3300452873b"),techfort,""2017-01-11T09:48:32.000Z"",38
ObjectId("5dd9779d12d2c3300452873c"),techfort,""2017-01-10T04:32:58.000Z"",50
ObjectId("5dd9779d12d2c3300452873d"),techfort,""2017-01-10T04:29:10.000Z"",4
ObjectId("5dd9779e12d2c3300452873e"),techfort,""2017-01-10T04:15:17.000Z"",76
ObjectId("5dd9779e12d2c3300452873f"),techfort,""2017-01-10T04:08:28.000Z"",1
ObjectId("5dd9779f12d2c33004528740"),techfort,""2017-07-29T12:30:50.000Z"",16336
ObjectId("5dd9779f12d2c33004528741"),techfort,""2017-07-20T13:25:34.000Z"",29295
ObjectId("5dd977a112d2c33004528742"),techfort,""2017-04-17T12:21:14.000Z"",2
ObjectId("5dd977a112d2c33004528743"),techfort,""2017-04-01T03:16:07.000Z"",2
ObjectId("5dd977a212d2c33004528744"),techfort,""2017-03-18T08:50:37.000Z"",12
ObjectId("5dd977a212d2c33004528745"),techfort,""2017-03-18T08:48:31.000Z"",2
ObjectId("5dd977a212d2c33004528746"),techfort,""2017-03-18T08:48:11.000Z"",2
ObjectId("5dd977a312d2c33004528747"),techfort,""2017-03-18T07:05:34.000Z"",7
ObjectId("5dd977a312d2c33004528748"),techfort,""2017-03-17T09:53:00.000Z"",8
ObjectId("5dd977a312d2c33004528749"),techfort,""2017-03-11T07:53:17.000Z"",1
ObjectId("5dd977a812d2c3300452874a"),techfort,""2018-08-07T05:16:36.000Z"",59
ObjectId("5dd977a812d2c3300452874b"),techfort,""2018-08-01T09:22:48.000Z"",59
ObjectId("5dd977a812d2c3300452874c"),techfort,""2018-07-20T03:23:26.000Z"",91
ObjectId("5dd977a812d2c3300452874d"),techfort,""2018-07-20T03:22:14.000Z"",47
ObjectId("5dd977a912d2c3300452874e"),techfort,""2018-07-19T00:47:15.000Z"",91
ObjectId("5dd977a912d2c3300452874f"),techfort,""2018-07-18T19:07:32.000Z"",47
ObjectId("5dd977a912d2c33004528750"),techfort,""2018-07-12T05:32:34.000Z"",89
ObjectId("5dd977aa12d2c33004528751"),techfort,""2018-07-11T22:35:43.000Z"",2
ObjectId("5dd977aa12d2c33004528752"),techfort,""2018-07-11T22:09:42.000Z"",87
ObjectId("5dd977aa12d2c33004528753"),techfort,""2018-07-10T04:33:16.000Z"",43
ObjectId("5dd977aa12d2c33004528754"),techfort,""2018-07-08T20:01:28.000Z"",2
ObjectId("5dd977ab12d2c33004528755"),techfort,""2018-07-08T19:57:51.000Z"",43
ObjectId("5dd977ab12d2c33004528756"),techfort,""2018-06-03T21:46:51.000Z"",49
ObjectId("5dd977ab12d2c33004528757"),techfort,""2018-06-03T06:08:52.000Z"",33
ObjectId("5dd977ac12d2c33004528758"),techfort,""2018-06-02T22:07:54.000Z"",18
ObjectId("5dd977ac12d2c33004528759"),techfort,""2018-05-28T18:12:33.000Z"",4
ObjectId("5dd977ac12d2c3300452875a"),techfort,""2018-05-28T09:42:42.000Z"",2
ObjectId("5dd977ad12d2c3300452875b"),techfort,""2018-05-27T23:52:41.000Z"",2
ObjectId("5dd977ad12d2c3300452875c"),techfort,""2018-05-10T21:59:12.000Z"",240
ObjectId("5dd977ad12d2c3300452875d"),techfort,""2018-05-06T05:08:12.000Z"",169
ObjectId("5dd977ad12d2c3300452875e"),techfort,""2018-05-05T07:50:18.000Z"",169
ObjectId("5dd977ae12d2c3300452875f"),techfort,""2018-04-14T22:51:54.000Z"",2
ObjectId("5dd977ae12d2c33004528760"),techfort,""2018-04-14T22:49:17.000Z"",7
ObjectId("5dd977ae12d2c33004528761"),techfort,""2018-04-14T22:48:40.000Z"",3
ObjectId("5dd977af12d2c33004528762"),techfort,""2018-04-14T19:06:24.000Z"",3
ObjectId("5dd977af12d2c33004528763"),techfort,""2017-04-18T06:14:46.000Z"",3
ObjectId("5dd977af12d2c33004528764"),techfort,""2017-04-06T04:19:03.000Z"",2
ObjectId("5dd977b012d2c33004528765"),techfort,""2017-04-04T16:44:32.000Z"",1
ObjectId("5dd977b212d2c33004528766"),techfort,""2017-02-05T10:57:25.000Z"",6877
ObjectId("5dd977b312d2c33004528767"),techfort,""2018-11-22T21:47:19.000Z"",383
ObjectId("5dd977b312d2c33004528768"),techfort,""2018-11-22T13:32:31.000Z"",78
ObjectId("5dd977b312d2c33004528769"),techfort,""2018-11-22T10:41:20.000Z"",18653
ObjectId("5dd977b412d2c3300452876a"),techfort,""2018-11-16T13:22:32.000Z"",262
ObjectId("5dd977b412d2c3300452876b"),techfort,""2018-11-16T13:02:10.000Z"",205
ObjectId("5dd977b412d2c3300452876c"),techfort,""2018-11-15T16:06:35.000Z"",1
ObjectId("5dd977b512d2c3300452876d"),techfort,""2017-09-26T14:12:55.000Z"",2
ObjectId("5dd977b512d2c3300452876e"),techfort,""2017-07-09T11:44:04.000Z"",0
ObjectId("5dd977b612d2c3300452876f"),techfort,""2017-07-09T11:41:24.000Z"",41426
ObjectId("5dd977b612d2c33004528770"),techfort,""2017-07-09T11:41:01.000Z"",29679
ObjectId("5dd977b612d2c33004528771"),techfort,""2017-07-05T19:05:57.000Z"",26888
ObjectId("5dd977b712d2c33004528772"),techfort,""2019-06-14T11:45:56.000Z"",38
ObjectId("5dd977b812d2c33004528773"),techfort,""2019-01-29T21:15:26.000Z"",1
ObjectId("5dd977b812d2c33004528774"),techfort,""2019-01-29T21:00:33.000Z"",5
ObjectId("5dd977b812d2c33004528775"),techfort,""2019-01-29T20:54:48.000Z"",2
ObjectId("5dd977b812d2c33004528776"),techfort,""2019-01-29T19:03:14.000Z"",14
ObjectId("5dd977b912d2c33004528777"),techfort,""2019-01-29T17:30:55.000Z"",28
ObjectId("5dd977b912d2c33004528778"),techfort,""2018-12-13T11:02:20.000Z"",5
ObjectId("5dd977b912d2c33004528779"),techfort,""2018-12-13T10:55:21.000Z"",105
ObjectId("5dd977b912d2c3300452877a"),techfort,""2018-12-13T10:42:36.000Z"",166
ObjectId("5dd977ba12d2c3300452877b"),techfort,""2018-12-12T11:36:00.000Z"",56
ObjectId("5dd977ba12d2c3300452877c"),techfort,""2018-12-12T11:27:27.000Z"",271
ObjectId("5dd977bb12d2c3300452877d"),techfort,""2019-10-25T16:14:14.000Z"",2
ObjectId("5dd977bb12d2c3300452877e"),techfort,""2019-10-25T16:08:00.000Z"",2
ObjectId("5dd977bb12d2c3300452877f"),techfort,""2019-10-25T16:06:38.000Z"",49
ObjectId("5dd977bc12d2c33004528780"),techfort,""2019-10-25T15:08:13.000Z"",17
ObjectId("5dd977bc12d2c33004528781"),techfort,""2019-10-25T15:04:56.000Z"",26
ObjectId("5dd977bc12d2c33004528782"),techfort,""2019-10-25T13:08:30.000Z"",2
ObjectId("5dd977bd12d2c33004528783"),techfort,""2019-10-25T13:07:29.000Z"",2
ObjectId("5dd977bd12d2c33004528784"),techfort,""2019-10-25T13:03:10.000Z"",18
ObjectId("5dd977bd12d2c33004528785"),techfort,""2019-10-25T12:55:19.000Z"",21
ObjectId("5dd977be12d2c33004528786"),techfort,""2019-10-25T11:55:49.000Z"",1
ObjectId("5dd977be12d2c33004528787"),techfort,""2019-10-25T11:48:14.000Z"",2
ObjectId("5dd977be12d2c33004528788"),techfort,""2019-10-25T10:53:58.000Z"",27
ObjectId("5dd977be12d2c33004528789"),techfort,""2019-10-24T20:10:45.000Z"",16
ObjectId("5dd977c212d2c3300452878a"),techfort,""2019-11-07T15:17:23.000Z"",311
ObjectId("5dd977c212d2c3300452878b"),techfort,""2019-11-04T10:20:26.000Z"",6
ObjectId("5dd977c312d2c3300452878c"),techfort,""2019-11-04T10:14:52.000Z"",18
ObjectId("5dd977c312d2c3300452878d"),techfort,""2019-11-04T10:13:39.000Z"",8
ObjectId("5dd977c312d2c3300452878e"),techfort,""2019-11-04T10:12:29.000Z"",5
ObjectId("5dd977c412d2c3300452878f"),techfort,""2019-11-04T10:10:18.000Z"",18
ObjectId("5dd977c412d2c33004528790"),techfort,""2019-11-04T10:04:36.000Z"",10
ObjectId("5dd977c412d2c33004528791"),techfort,""2019-11-04T10:03:26.000Z"",15
ObjectId("5dd977c512d2c33004528792"),techfort,""2019-10-23T19:57:18.000Z"",10
ObjectId("5dd977c512d2c33004528793"),techfort,""2019-10-23T19:55:08.000Z"",72
ObjectId("5dd977c512d2c33004528794"),techfort,""2019-10-16T13:30:54.000Z"",5
ObjectId("5dd977c612d2c33004528795"),techfort,""2019-10-16T10:30:34.000Z"",33
ObjectId("5dd977c612d2c33004528796"),techfort,""2019-10-16T10:03:40.000Z"",10
ObjectId("5dd977c612d2c33004528797"),techfort,""2019-10-16T08:58:02.000Z"",22
ObjectId("5dd977c712d2c33004528798"),techfort,""2019-10-08T10:35:54.000Z"",28
ObjectId("5dd977c712d2c33004528799"),techfort,""2019-10-08T09:04:00.000Z"",29
ObjectId("5dd977c712d2c3300452879a"),techfort,""2019-10-08T08:57:25.000Z"",10
ObjectId("5dd977c812d2c3300452879b"),techfort,""2019-10-08T08:53:45.000Z"",13
ObjectId("5dd977c812d2c3300452879c"),techfort,""2019-10-08T08:48:31.000Z"",36
ObjectId("5dd977c812d2c3300452879d"),techfort,""2019-10-08T06:46:07.000Z"",77
ObjectId("5dd977c812d2c3300452879e"),techfort,""2019-10-02T15:38:05.000Z"",0
ObjectId("5dd977c912d2c3300452879f"),techfort,""2019-10-02T15:37:48.000Z"",8
ObjectId("5dd977c912d2c330045287a0"),techfort,""2019-10-02T13:29:52.000Z"",1280
ObjectId("5dd977c912d2c330045287a1"),techfort,""2019-10-02T12:26:59.000Z"",1
ObjectId("5dd977ca12d2c330045287a2"),techfort,""2019-10-02T12:22:27.000Z"",419
ObjectId("5dd977ca12d2c330045287a3"),techfort,""2019-10-02T11:50:25.000Z"",144
ObjectId("5dd977ca12d2c330045287a4"),techfort,""2019-10-02T11:08:20.000Z"",76
ObjectId("5dd977ca12d2c330045287a5"),techfort,""2019-10-02T10:49:17.000Z"",3
ObjectId("5dd977cb12d2c330045287a6"),techfort,""2019-10-02T10:48:08.000Z"",36
ObjectId("5dd977cb12d2c330045287a7"),techfort,""2019-10-02T10:44:46.000Z"",452
ObjectId("5dd977cc12d2c330045287a8"),techfort,""2019-10-02T10:35:13.000Z"",186
ObjectId("5dd977cc12d2c330045287a9"),techfort,""2019-10-02T10:22:48.000Z"",17
ObjectId("5dd977cc12d2c330045287aa"),techfort,""2019-10-02T09:51:57.000Z"",29
ObjectId("5dd977cd12d2c330045287ab"),techfort,""2019-10-02T09:41:49.000Z"",26
ObjectId("5dd977cd12d2c330045287ac"),techfort,""2019-10-02T09:27:54.000Z"",58
ObjectId("5dd977cd12d2c330045287ad"),techfort,""2019-10-02T08:57:53.000Z"",172
ObjectId("5dd977ce12d2c330045287ae"),techfort,""2019-10-01T13:18:51.000Z"",2
ObjectId("5dd977ce12d2c330045287af"),techfort,""2019-10-01T13:05:15.000Z"",42
ObjectId("5dd977ce12d2c330045287b0"),techfort,""2019-10-01T10:49:52.000Z"",113
ObjectId("5dd977cf12d2c330045287b1"),techfort,""2019-10-01T10:48:42.000Z"",74
ObjectId("5dd977cf12d2c330045287b2"),techfort,""2019-10-01T10:43:58.000Z"",808
ObjectId("5dd977cf12d2c330045287b3"),techfort,""2019-10-01T10:26:50.000Z"",111
ObjectId("5dd977cf12d2c330045287b4"),techfort,""2019-10-01T10:14:43.000Z"",43
ObjectId("5dd977d012d2c330045287b5"),techfort,""2019-10-01T09:30:45.000Z"",200
ObjectId("5dd977d012d2c330045287b6"),techfort,""2019-10-01T08:34:18.000Z"",39
ObjectId("5dd977d012d2c330045287b7"),techfort,""2019-10-01T07:52:35.000Z"",40
ObjectId("5dd977d112d2c330045287b8"),techfort,""2019-10-01T07:35:13.000Z"",57
ObjectId("5dd977d112d2c330045287b9"),techfort,""2019-10-01T07:23:36.000Z"",4
ObjectId("5dd977d112d2c330045287ba"),techfort,""2019-10-01T07:23:00.000Z"",25
ObjectId("5dd977d112d2c330045287bb"),techfort,""2019-10-01T07:12:54.000Z"",48
ObjectId("5dd977d212d2c330045287bc"),techfort,""2019-10-01T06:50:40.000Z"",39
ObjectId("5dd977d212d2c330045287bd"),techfort,""2019-10-01T06:40:13.000Z"",24
ObjectId("5dd977d212d2c330045287be"),techfort,""2019-09-30T13:59:15.000Z"",131
ObjectId("5dd977d312d2c330045287bf"),techfort,""2019-09-30T12:16:51.000Z"",62
ObjectId("5dd977d312d2c330045287c0"),techfort,""2019-09-30T11:56:47.000Z"",116
ObjectId("5dd977d312d2c330045287c1"),techfort,""2019-09-30T10:17:43.000Z"",33
ObjectId("5dd977d312d2c330045287c2"),techfort,""2019-09-26T12:22:42.000Z"",97
ObjectId("5dd977d412d2c330045287c3"),techfort,""2019-09-26T10:10:44.000Z"",123
ObjectId("5dd977d412d2c330045287c4"),techfort,""2019-09-26T09:08:11.000Z"",18
ObjectId("5dd977d512d2c330045287c5"),techfort,""2019-09-26T09:07:52.000Z"",308
ObjectId("5dd977d512d2c330045287c6"),techfort,""2019-09-11T10:19:07.000Z"",0
ObjectId("5dd977d612d2c330045287c7"),techfort,""2019-09-08T18:13:26.000Z"",19
ObjectId("5dd977d612d2c330045287c8"),techfort,""2019-09-08T18:11:31.000Z"",19
ObjectId("5dd977d612d2c330045287c9"),techfort,""2019-09-08T18:03:33.000Z"",0
ObjectId("5dd977d712d2c330045287ca"),techfort,""2019-09-08T18:01:00.000Z"",0
ObjectId("5dd977d712d2c330045287cb"),techfort,""2019-08-14T21:39:44.000Z"",72
ObjectId("5dd977d712d2c330045287cc"),techfort,""2019-07-22T21:03:20.000Z"",2
ObjectId("5dd977d812d2c330045287cd"),techfort,""2019-05-17T11:22:21.000Z"",50
ObjectId("5dd977d812d2c330045287ce"),techfort,""2019-05-16T20:43:27.000Z"",1135
ObjectId("5dd977d912d2c330045287cf"),techfort,""2019-03-11T11:13:29.000Z"",70
ObjectId("5dd977d912d2c330045287d0"),techfort,""2019-03-07T15:00:05.000Z"",8
ObjectId("5dd977d912d2c330045287d1"),techfort,""2019-03-07T14:52:22.000Z"",54
ObjectId("5dd977da12d2c330045287d2"),techfort,""2019-03-07T13:40:50.000Z"",141
ObjectId("5dd977db12d2c330045287d3"),techfort,""2019-02-25T15:51:37.000Z"",141
ObjectId("5dd977db12d2c330045287d4"),techfort,""2019-02-23T18:42:01.000Z"",64
ObjectId("5dd977db12d2c330045287d5"),techfort,""2019-02-03T11:05:01.000Z"",6
ObjectId("5dd977db12d2c330045287d6"),techfort,""2019-01-03T11:28:28.000Z"",2
ObjectId("5dd977dc12d2c330045287d7"),techfort,""2018-12-18T20:45:30.000Z"",16
ObjectId("5dd977dc12d2c330045287d8"),techfort,""2018-11-29T14:48:45.000Z"",6
ObjectId("5dd977dd12d2c330045287d9"),techfort,""2018-11-24T08:34:51.000Z"",21
ObjectId("5dd977dd12d2c330045287da"),techfort,""2018-11-21T00:28:10.000Z"",21
ObjectId("5dd977dd12d2c330045287db"),techfort,""2018-11-19T07:14:05.000Z"",145
ObjectId("5dd977de12d2c330045287dc"),techfort,""2018-11-10T15:54:14.000Z"",2
ObjectId("5dd977de12d2c330045287dd"),techfort,""2018-10-23T23:55:03.000Z"",6
ObjectId("5dd977df12d2c330045287de"),techfort,""2018-10-23T22:06:41.000Z"",9
ObjectId("5dd977df12d2c330045287df"),techfort,""2018-10-23T22:06:20.000Z"",27
ObjectId("5dd977df12d2c330045287e0"),techfort,""2018-10-23T21:31:36.000Z"",116
ObjectId("5dd977e012d2c330045287e1"),techfort,""2018-10-23T08:20:20.000Z"",23
ObjectId("5dd977e012d2c330045287e2"),techfort,""2018-10-19T19:57:45.000Z"",2
ObjectId("5dd977e112d2c330045287e3"),techfort,""2018-10-03T05:45:42.000Z"",112
ObjectId("5dd977e112d2c330045287e4"),techfort,""2018-09-28T08:15:28.000Z"",50
ObjectId("5dd977e112d2c330045287e5"),techfort,""2018-09-28T08:11:10.000Z"",77
ObjectId("5dd977e212d2c330045287e6"),techfort,""2018-09-28T07:18:47.000Z"",11
ObjectId("5dd977e212d2c330045287e7"),techfort,""2018-09-27T20:29:17.000Z"",10
ObjectId("5dd977e212d2c330045287e8"),techfort,""2018-09-27T19:49:13.000Z"",10
ObjectId("5dd977e312d2c330045287e9"),techfort,""2018-09-27T19:37:32.000Z"",67
ObjectId("5dd977e312d2c330045287ea"),techfort,""2018-09-27T10:47:31.000Z"",42
ObjectId("5dd977e412d2c330045287eb"),techfort,""2018-09-27T10:42:05.000Z"",20
ObjectId("5dd977e412d2c330045287ec"),techfort,""2018-09-27T10:36:43.000Z"",22
ObjectId("5dd977e412d2c330045287ed"),techfort,""2018-09-27T10:32:39.000Z"",19
ObjectId("5dd977e412d2c330045287ee"),techfort,""2018-09-27T08:32:44.000Z"",25
ObjectId("5dd977e612d2c330045287ef"),techfort,""2017-12-10T20:33:52.000Z"",7
ObjectId("5dd977e712d2c330045287f0"),techfort,""2017-01-04T11:51:54.000Z"",2
ObjectId("5dd977e712d2c330045287f1"),techfort,""2017-01-03T09:23:44.000Z"",2
ObjectId("5dd9789412d2c330045287f2"),techfort,""2019-04-27T01:36:46.000Z"",20
ObjectId("5dd9789512d2c330045287f3"),techfort,""2019-06-13T10:37:03.000Z"",25
ObjectId("5dd9789512d2c330045287f4"),techfort,""2019-05-24T19:09:14.000Z"",13
ObjectId("5dd9789612d2c330045287f5"),techfort,""2019-05-24T19:08:15.000Z"",45
ObjectId("5dd9789612d2c330045287f6"),techfort,""2019-05-24T15:49:59.000Z"",45
ObjectId("5dd9789612d2c330045287f7"),techfort,""2019-05-24T15:44:07.000Z"",13
ObjectId("5dd9789612d2c330045287f8"),techfort,""2019-04-16T13:07:07.000Z"",7
ObjectId("5dd9789712d2c330045287f9"),techfort,""2019-04-14T17:51:50.000Z"",0
ObjectId("5dd9789712d2c330045287fa"),techfort,""2019-04-14T17:47:55.000Z"",7
ObjectId("5dd9789712d2c330045287fb"),techfort,""2019-04-14T15:11:45.000Z"",16
